{"cameraMode":{"drawMode":0,"name":"Shaded","section":"Shading Mode"},"sceneLighting":false,"audioPlay":false,"sceneViewState":{"showFog":true,"showMaterialUpdate":false,"showSkybox":false,"showFlares":true,"showImageEffects":true,"showParticleSystems":true},"in2DMode":false,"pivot":{"x":-1.4055826663970948,"y":5.955780506134033,"z":-16.01481819152832},"rotation":{"x":0.04665760695934296,"y":-0.07634715735912323,"z":0.0035667703486979009,"w":0.995996356010437},"size":0.8660253882408142,"orthographic":false}